시도,시군구,기준년도,2018,2018,2018,2018,2018,2018,2018,2018,2018,2018,2018,2018,2019,2019,2019,2019,2019,2019,2019,2019,2019,2019,2019,2019,2020,2020,2020,2020,2020,2020,2020,2020,2020,2020,2020,2020,2021,2021,2021,2021,2021,2021,2021,2021,2021,2021,2021,2021,2022,2022,2022,2022,2022,2022,2022,2022,2022,2022,2022,2022,2023,2023,2023,2023,2023,2023,2023,2023,2023,2023,2023,2023
시도,시군구,기준년도,0시~2시,2시~4시,4시~6시,6시~8시,8시~10시,10시~12시,12시~14시,14시~16시,16시~18시,18시~20시,20시~22시,22시~24시,0시~2시,2시~4시,4시~6시,6시~8시,8시~10시,10시~12시,12시~14시,14시~16시,16시~18시,18시~20시,20시~22시,22시~24시,0시~2시,2시~4시,4시~6시,6시~8시,8시~10시,10시~12시,12시~14시,14시~16시,16시~18시,18시~20시,20시~22시,22시~24시,0시~2시,2시~4시,4시~6시,6시~8시,8시~10시,10시~12시,12시~14시,14시~16시,16시~18시,18시~20시,20시~22시,22시~24시,0시~2시,2시~4시,4시~6시,6시~8시,8시~10시,10시~12시,12시~14시,14시~16시,16시~18시,18시~20시,20시~22시,22시~24시,0시~2시,2시~4시,4시~6시,6시~8시,8시~10시,10시~12시,12시~14시,14시~16시,16시~18시,18시~20시,20시~22시,22시~24시
서울,종로구,사고[건],76,40,43,64,94,108,111,118,105,131,115,129,63,40,36,63,106,109,129,127,119,141,96,104,47,20,23,47,78,104,100,102,95,130,81,76,31,12,16,25,74,96,107,90,86,101,63,77,44,26,25,42,101,94,107,117,138,107,91,82,49,28,27,36,82,114,120,125,109,122,91,85
서울,종로구,사망[명],1,0,0,2,0,0,1,0,0,0,1,1,1,1,0,0,0,0,1,0,0,2,0,1,0,0,1,1,0,1,0,1,1,0,0,0,1,0,0,2,0,0,1,0,1,0,0,1,0,0,1,0,1,0,0,0,0,0,1,0,1,0,0,0,0,0,1,0,2,0,2,2
서울,종로구,부상[명],114,60,58,93,132,136,137,168,138,162,167,181,82,54,64,86,137,137,166,189,172,198,129,145,63,30,37,73,109,127,134,136,125,176,112,102,43,15,20,30,89,135,144,124,114,133,92,111,77,29,35,48,140,134,147,154,186,168,132,101,70,38,39,45,120,132,161,168,138,174,126,120
서울,중구,사고[건],64,57,51,60,92,131,125,118,121,119,107,83,65,35,43,53,101,122,146,157,140,124,113,85,62,23,29,45,77,99,112,105,106,119,100,78,27,28,19,34,61,83,116,96,81,138,90,81,54,27,29,39,92,93,92,125,108,143,89,52,42,25,16,37,85,96,108,116,133,110,93,70
서울,중구,사망[명],0,0,3,0,0,1,0,0,1,3,1,0,0,0,1,0,0,1,1,1,1,0,0,0,0,1,2,0,0,0,1,1,0,0,0,1,0,0,1,0,0,0,1,0,1,0,0,0,0,0,0,0,0,0,0,1,0,1,0,0,0,0,0,0,0,1,0,0,0,1,0,1
서울,중구,부상[명],98,73,58,95,118,167,165,159,173,152,138,110,92,48,59,67,129,154,197,205,181,196,178,109,86,33,32,56,109,118,127,139,151,161,132,104,36,35,20,44,76,106,144,149,103,184,136,123,76,37,39,47,112,121,108,161,133,175,131,72,59,36,21,40,111,110,126,153,187,144,121,86
서울,용산구,사고[건],93,71,65,81,123,120,114,124,134,145,142,118,95,65,67,59,94,97,117,127,113,156,99,98,52,28,23,40,67,85,93,102,104,135,93,68,33,17,17,36,93,98,97,118,128,165,101,111,36,47,38,47,76,110,105,127,122,114,102,90,49,32,31,52,89,98,102,110,119,137,109,68
서울,용산구,사망[명],3,1,2,2,2,1,0,1,0,0,2,0,2,1,2,2,0,0,0,2,0,0,1,0,2,0,1,1,1,2,0,1,1,1,1,1,0,0,1,0,0,1,0,1,1,1,0,0,1,1,3,0,1,0,3,0,0,1,0,1,1,0,0,2,0,0,0,2,0,0,2,4
서울,용산구,부상[명],142,103,92,111,149,168,166,170,193,186,198,174,151,95,92,70,115,132,159,162,166,209,129,134,78,44,33,54,77,95,122,128,127,185,131,104,49,22,26,46,135,119,142,167,168,203,142,150,48,60,62,60,93,141,135,170,156,147,131,127,76,48,41,68,103,137,136,152,165,183,157,100
서울,성동구,사고[건],71,54,57,66,109,103,96,119,122,129,112,105,62,34,29,53,121,109,119,118,128,139,91,88,71,23,30,71,108,96,105,129,107,161,119,99,39,15,17,54,89,124,114,103,132,143,102,125,55,21,29,40,94,95,95,103,111,138,89,78,40,19,26,46,98,97,99,115,121,122,69,67
서울,성동구,사망[명],0,2,1,0,1,1,0,0,2,1,1,0,2,1,1,2,0,2,1,1,0,1,1,1,0,1,1,2,0,0,1,2,0,1,1,0,0,2,1,1,1,0,2,0,0,0,0,1,2,3,0,0,0,0,0,0,0,1,2,0,1,1,0,0,1,0,1,0,1,0,0,1
서울,성동구,부상[명],97,90,99,80,134,147,132,153,144,183,147,155,92,50,40,61,157,148,165,141,177,176,107,125,112,34,45,91,129,116,137,165,131,223,163,135,60,20,24,74,114,148,129,136,163,197,120,177,77,31,35,48,123,125,131,126,139,157,110,120,66,25,40,61,118,114,141,153,151,166,92,94
서울,동대문구,사고[건],70,46,58,102,170,160,183,195,212,196,170,137,83,44,39,74,165,162,178,175,197,195,131,122,61,53,42,58,154,167,151,156,167,199,144,96,45,24,31,67,151,154,195,159,158,169,124,113,61,28,26,79,169,184,170,176,215,189,144,93,42,32,41,92,197,190,211,198,223,209,136,103
서울,동대문구,사망[명],1,2,2,2,0,0,2,1,2,0,1,1,1,0,3,2,1,0,0,1,1,0,2,4,0,0,1,1,1,2,0,2,0,1,2,0,0,0,2,2,0,3,1,3,2,2,1,1,0,2,0,1,1,2,0,3,0,1,1,1,3,0,0,1,1,0,2,0,0,1,1,1
서울,동대문구,부상[명],103,59,76,118,222,215,211,248,260,233,212,203,123,63,42,88,201,197,229,212,249,247,182,155,96,68,58,69,201,197,186,189,198,262,193,128,58,35,33,73,171,187,222,195,187,198,153,144,74,36,34,95,187,218,211,211,267,229,163,118,58,42,50,99,236,230,261,249,279,251,156,128
서울,성북구,사고[건],97,70,53,64,144,110,149,148,156,189,116,131,78,50,62,78,164,156,140,151,187,197,130,116,57,28,44,66,114,118,137,150,154,155,142,110,27,18,26,61,134,125,149,148,164,161,157,115,60,34,32,77,127,123,139,151,171,166,113,95,50,24,25,56,140,142,141,143,168,166,117,84
서울,성북구,사망[명],1,1,2,0,1,1,1,2,1,0,2,2,0,1,1,3,1,0,1,0,0,0,1,0,2,0,0,0,3,0,0,0,0,0,1,1,1,2,0,0,2,2,2,1,2,2,0,1,0,0,1,0,0,3,0,1,0,2,0,1,1,0,0,2,1,1,1,1,0,0,0,1
서울,성북구,부상[명],164,124,71,94,195,145,196,201,205,253,150,182,129,74,87,84,221,220,193,194,241,243,161,160,76,44,57,81,126,144,173,188,194,207,171,161,35,22,34,73,151,161,184,183,206,192,205,160,86,44,43,100,150,143,160,199,224,210,135,132,67,37,30,61,179,172,174,179,208,212,152,110
서울,도봉구,사고[건],30,30,25,42,84,69,71,90,120,125,72,66,43,24,22,37,76,67,96,100,108,121,91,67,27,19,15,34,84,66,87,73,92,108,69,67,23,6,11,18,53,57,63,79,92,75,63,51,23,13,18,18,48,41,55,66,63,68,70,39,21,19,14,23,44,67,60,51,66,81,50,34
서울,도봉구,사망[명],0,0,0,0,0,0,0,1,2,3,0,0,0,0,1,0,0,1,0,0,0,0,0,2,1,0,0,0,0,0,2,0,3,1,0,0,0,0,0,0,0,0,1,0,0,1,0,1,0,0,0,0,0,0,0,0,1,0,0,1,1,0,0,0,0,1,0,2,1,0,1,1
서울,도봉구,부상[명],48,48,41,56,117,94,79,102,156,144,87,89,62,38,28,52,113,83,133,133,127,158,132,104,54,41,20,45,119,85,131,83,106,127,89,90,35,6,13,22,71,70,76,104,113,94,86,78,38,18,26,24,71,54,66,84,90,85,100,49,37,22,15,25,57,76,89,68,77,101,80,38
서울,은평구,사고[건],86,53,32,78,108,106,107,121,125,125,103,90,53,34,30,67,111,101,110,132,131,136,129,85,62,20,36,44,70,83,119,105,99,126,99,90,25,18,23,51,84,70,103,99,110,121,95,68,36,20,22,39,86,87,100,122,111,120,101,74,49,28,31,56,113,109,91,118,126,132,111,75
서울,은평구,사망[명],2,2,0,0,1,2,2,1,0,1,0,1,0,0,0,0,0,1,0,2,2,0,1,1,1,1,2,1,0,0,2,2,1,1,0,3,0,1,0,2,2,2,1,2,0,0,0,1,0,3,0,0,0,1,1,0,0,0,2,2,1,1,0,1,1,0,0,0,2,0,1,0
서울,은평구,부상[명],129,76,42,110,159,140,140,164,168,177,151,124,77,46,42,86,139,129,150,161,174,179,155,126,94,27,56,57,132,116,163,141,146,198,153,132,32,23,33,74,121,93,138,142,139,200,126,97,53,25,31,49,110,103,140,173,163,161,131,117,64,33,43,80,142,125,125,162,163,180,137,99
서울,서대문구,사고[건],71,45,33,55,104,97,93,102,122,123,102,86,62,43,44,64,120,100,112,116,132,146,93,81,50,26,24,49,90,84,113,111,116,125,78,62,28,19,16,47,73,84,109,108,124,145,100,77,36,15,25,42,123,104,99,112,108,142,86,82,39,16,20,57,100,104,98,94,109,123,88,68
서울,서대문구,사망[명],1,0,0,1,0,0,0,0,0,0,1,2,0,1,1,1,1,2,2,2,0,1,3,0,1,1,1,0,1,0,0,2,0,0,0,0,1,2,0,2,1,1,0,0,0,0,1,1,0,0,1,1,0,0,0,0,0,0,1,2,0,0,0,0,1,1,0,1,1,0,0,0
서울,서대문구,부상[명],104,65,41,86,133,129,139,136,152,149,148,121,83,51,63,83,232,153,171,160,186,185,144,98,70,36,28,68,115,103,152,149,162,177,109,87,39,26,21,52,93,101,138,144,157,192,136,107,49,29,34,55,169,127,116,152,151,204,109,108,49,21,27,74,129,133,142,131,146,159,113,96
서울,마포구,사고[건],154,97,83,92,127,123,157,150,141,215,170,162,88,73,69,76,135,121,142,147,155,171,165,152,105,62,42,38,91,112,109,109,157,183,147,117,44,20,21,44,100,108,108,122,115,135,150,135,63,32,46,49,89,76,116,105,116,146,110,117,66,50,52,67,121,115,145,134,128,150,124,98
서울,마포구,사망[명],1,3,1,1,1,2,0,0,1,0,1,0,0,1,1,1,1,0,1,0,0,0,0,2,2,1,0,2,0,0,3,1,0,1,3,0,1,0,3,0,2,1,3,1,2,0,0,1,1,0,1,1,0,1,2,1,1,0,1,1,0,0,1,1,2,1,0,0,3,2,2,2
서울,마포구,부상[명],246,148,131,119,184,175,235,210,185,317,231,248,125,112,121,111,198,159,192,203,201,225,241,235,156,96,59,45,120,155,141,152,220,238,208,164,59,31,31,55,134,158,152,177,159,189,228,200,89,42,60,65,126,92,170,140,160,201,152,186,100,64,66,88,171,156,216,182,166,194,168,144
서울,강서구,사고[건],95,67,82,96,145,119,130,132,176,165,171,124,111,55,77,102,181,157,193,168,225,236,164,160,90,42,43,95,125,132,166,189,173,196,187,137,47,27,24,67,116,143,154,163,207,227,194,132,75,37,56,88,176,155,165,179,184,207,165,119,62,39,40,81,164,145,156,178,201,201,137,114
서울,강서구,사망[명],1,2,1,1,0,0,0,0,2,2,0,2,2,3,3,1,2,0,3,1,2,3,0,0,1,0,3,2,2,2,3,1,2,0,1,0,1,0,2,0,1,3,1,2,0,2,1,0,2,0,3,1,1,0,1,3,1,1,0,2,2,0,1,2,0,0,0,1,1,0,1,1
서울,강서구,부상[명],153,108,132,134,199,163,184,179,244,243,282,187,152,68,95,143,228,206,261,262,295,316,249,216,130,64,57,127,161,166,266,252,218,266,237,187,60,39,35,95,178,181,196,223,266,319,253,197,99,58,73,112,209,213,204,242,235,270,210,183,100,51,49,120,227,194,208,268,266,281,193,155
서울,구로구,사고[건],99,53,71,90,132,124,133,169,189,180,159,133,88,46,53,75,151,147,135,136,193,238,146,121,80,59,45,73,127,122,123,129,157,165,131,114,29,22,43,54,127,129,147,138,177,226,166,92,51,20,47,81,121,136,118,131,181,165,128,95,50,26,49,54,139,155,149,150,169,201,126,91
서울,구로구,사망[명],0,0,1,2,0,1,0,2,0,0,5,2,3,2,1,3,1,0,1,0,1,0,0,1,1,1,0,1,2,0,0,3,0,2,0,0,1,1,2,0,0,2,0,0,0,0,3,0,2,0,3,0,0,0,2,1,1,0,2,1,1,2,0,0,0,0,0,0,1,1,0,0
서울,구로구,부상[명],170,67,99,111,178,175,188,228,253,223,237,200,149,63,76,89,197,200,177,186,265,309,213,172,146,87,59,111,145,157,154,169,215,211,196,160,47,28,63,68,148,160,183,182,232,285,204,129,84,28,73,100,140,171,155,174,241,206,177,142,78,37,66,57,195,200,202,206,245,267,161,126
서울,영등포구,사고[건],163,101,97,134,260,213,212,229,270,322,237,255,134,91,83,106,243,223,264,281,275,304,221,214,111,73,64,118,186,211,223,247,267,310,240,158,74,28,52,101,165,216,294,264,273,301,239,171,81,53,48,113,197,188,225,226,231,253,194,189,98,47,63,105,204,195,186,188,231,251,185,147
서울,영등포구,사망[명],3,1,1,3,4,1,0,2,0,2,1,4,2,2,3,1,1,0,0,1,0,1,0,0,1,2,0,0,0,2,0,0,0,0,1,1,0,1,2,1,0,2,0,4,1,1,1,2,2,3,0,1,1,0,2,2,1,1,1,6,0,2,0,1,1,1,0,1,0,0,0,1
서울,영등포구,부상[명],278,159,142,183,343,270,302,305,376,430,365,379,190,146,135,152,301,311,356,391,379,420,307,363,162,122,109,172,249,289,301,349,353,409,347,240,111,41,70,118,211,283,416,350,358,408,361,240,119,77,63,150,260,274,295,326,288,327,264,264,136,69,89,135,280,245,264,283,301,337,256,224
서울,동작구,사고[건],90,55,55,75,166,110,127,131,135,188,147,133,84,41,40,70,146,136,130,165,172,184,125,113,68,30,46,73,115,121,138,136,158,176,134,112,26,16,30,44,111,108,133,132,148,180,120,100,47,25,26,63,117,106,132,146,154,185,115,101,61,33,34,60,141,111,135,142,152,164,114,95
서울,동작구,사망[명],0,0,2,0,1,0,1,2,2,0,0,1,3,0,1,0,0,1,0,0,0,0,0,0,1,0,0,2,1,2,0,1,0,1,1,1,1,0,1,1,0,2,3,0,0,0,1,2,0,0,1,1,1,0,1,0,0,0,0,3,1,1,0,0,1,1,0,1,0,0,0,1
서울,동작구,부상[명],140,93,74,99,208,151,164,186,169,229,194,185,124,67,61,97,180,211,172,259,251,246,181,172,110,44,76,91,159,167,199,178,218,229,177,171,36,23,49,60,158,129,168,173,187,220,177,140,67,38,41,88,159,132,182,197,213,242,154,138,90,45,47,80,180,162,172,176,212,218,157,129
서울,관악구,사고[건],113,78,56,76,109,117,104,122,134,141,129,121,102,60,54,74,119,108,120,128,163,155,140,140,94,58,53,60,129,144,152,140,147,190,153,124,52,24,28,56,97,136,169,164,161,232,177,123,63,27,38,53,97,99,125,114,143,173,133,107,47,42,38,52,101,93,102,97,100,135,90,83
서울,관악구,사망[명],2,0,1,0,0,1,0,0,0,1,2,1,1,1,0,0,0,1,2,0,0,2,2,1,0,1,3,0,1,1,2,1,0,1,0,3,0,0,1,2,3,0,0,0,0,0,1,1,0,0,2,1,1,1,1,0,1,0,2,0,2,2,1,0,2,1,1,1,0,0,0,0
서울,관악구,부상[명],158,120,81,103,139,139,120,156,178,168,167,188,142,76,72,96,154,149,149,154,212,182,193,176,127,67,58,71,155,181,193,179,176,261,186,165,78,29,34,70,131,164,213,219,208,296,231,156,83,44,49,64,131,123,173,157,205,216,155,135,65,55,48,68,113,126,126,128,145,162,106,110
서울,강남구,사고[건],299,213,164,169,296,317,337,344,317,389,295,319,247,177,133,169,304,312,392,383,474,471,341,319,230,144,113,131,294,350,403,397,450,529,392,319,150,86,55,109,290,375,473,451,509,535,408,379,206,141,103,132,292,356,458,425,457,493,350,296,194,107,108,178,355,407,466,427,491,525,361,307
서울,강남구,사망[명],3,2,5,3,2,0,2,0,1,0,0,2,3,1,2,0,0,0,2,1,1,1,0,3,1,1,3,0,0,1,1,2,0,1,2,5,2,1,0,1,0,1,2,0,0,0,0,3,3,2,0,2,1,0,1,1,1,2,2,1,1,1,1,1,0,0,0,0,0,1,1,1
서울,강남구,부상[명],463,335,229,234,405,434,480,479,426,538,421,523,355,274,220,233,413,409,544,505,657,631,478,463,355,225,163,171,384,471,523,546,602,732,553,464,219,112,79,145,361,498,617,612,665,724,560,583,301,226,150,183,380,484,595,563,615,641,504,410,256,148,161,245,465,540,609,591,637,675,494,408
서울,강동구,사고[건],70,57,51,81,134,136,130,142,175,181,123,138,59,43,57,86,158,111,118,171,173,174,144,120,52,29,40,57,105,116,136,167,173,180,117,96,35,13,28,65,88,94,107,116,127,152,123,99,51,23,35,70,104,110,126,112,149,163,122,86,48,20,23,68,106,140,125,171,155,154,110,65
서울,강동구,사망[명],0,0,2,1,2,1,2,0,0,2,1,1,2,1,3,1,0,0,0,2,1,1,0,0,0,0,0,1,0,0,0,1,2,0,1,2,0,1,0,2,1,0,0,2,0,1,1,1,0,2,1,0,1,0,0,0,0,0,3,0,2,1,0,0,0,1,0,0,0,0,0,0
서울,강동구,부상[명],99,87,70,119,188,193,165,194,215,230,166,196,80,62,71,121,198,157,169,228,219,216,206,183,77,38,49,78,123,149,173,200,232,223,143,115,50,26,35,85,127,131,146,150,168,175,171,149,77,33,42,98,144,142,172,146,187,204,184,124,56,25,30,93,139,181,154,221,207,206,126,84
서울,송파구,사고[건],170,111,95,166,261,245,258,329,321,356,297,251,162,87,88,141,311,262,263,311,347,373,297,250,130,68,64,113,231,243,281,279,362,359,254,211,95,33,37,109,249,263,315,278,344,369,280,235,109,47,64,120,261,252,280,258,343,353,277,217,94,69,71,151,255,249,292,287,334,370,249,193
서울,송파구,사망[명],1,4,1,6,1,2,2,0,5,0,2,3,2,0,3,1,0,1,1,1,1,0,0,3,1,2,3,1,0,0,0,1,1,2,0,0,1,0,1,4,1,1,1,0,0,3,2,0,0,1,1,0,1,2,0,0,2,0,1,1,0,0,1,0,0,1,2,1,0,1,0,4
서울,송파구,부상[명],248,161,145,245,346,331,337,461,437,460,389,372,248,113,127,227,420,353,358,449,472,485,401,350,181,105,98,150,287,302,381,379,492,477,349,308,140,48,51,136,312,351,454,375,466,462,380,334,148,67,87,165,354,342,416,362,479,470,394,310,136,96,99,196,343,353,408,391,453,500,347,281
서울,서초구,사고[건],131,98,106,142,240,262,251,226,279,289,216,238,130,93,73,135,231,242,259,265,303,274,219,194,109,54,45,98,191,232,239,280,307,302,212,181,61,25,21,91,182,262,262,260,280,289,213,172,89,68,50,103,232,254,264,253,273,321,201,156,83,49,62,104,235,252,252,230,286,280,178,157
서울,서초구,사망[명],1,1,4,2,0,2,1,0,0,2,1,4,3,2,2,0,1,1,0,3,0,0,1,1,1,0,0,0,0,2,1,2,0,0,1,2,1,0,1,1,1,1,0,0,0,1,1,1,0,1,1,0,1,0,2,2,0,1,0,0,1,1,1,0,0,0,0,0,1,1,0,2
서울,서초구,부상[명],197,156,163,208,336,388,397,325,385,430,310,345,185,138,109,195,317,349,382,407,417,371,309,351,161,74,77,123,256,326,314,413,409,389,283,250,92,28,32,117,237,360,373,369,391,400,288,245,156,120,74,144,317,396,390,387,381,476,304,246,141,65,97,140,366,428,400,360,400,435,252,235
서울,양천구,사고[건],86,45,60,102,128,125,127,142,165,176,141,131,75,32,62,86,181,147,141,159,188,185,146,104,65,32,31,75,128,120,159,156,169,174,142,93,38,8,18,78,125,114,136,177,169,204,138,100,51,29,35,56,117,99,138,128,145,160,122,85,38,25,33,94,142,121,122,138,157,166,106,79
서울,양천구,사망[명],3,1,4,0,1,0,0,1,0,0,0,1,1,1,2,1,1,1,0,0,1,1,2,0,1,0,0,0,1,0,1,1,1,2,0,0,1,1,1,2,0,1,1,3,2,1,1,0,0,1,1,2,0,2,1,0,0,0,1,0,0,2,1,0,0,0,0,0,0,2,0,0
서울,양천구,부상[명],136,67,89,137,152,163,166,181,212,247,191,198,117,50,89,122,254,211,189,214,268,222,204,145,97,59,48,97,175,154,210,196,225,238,190,140,53,7,21,94,150,161,163,229,222,255,190,147,76,38,52,61,143,125,177,162,181,214,177,123,53,35,39,120,179,167,182,179,199,223,141,107
서울,중랑구,사고[건],86,39,75,73,135,128,148,162,204,217,169,129,82,45,57,81,173,139,172,163,197,228,160,123,63,41,45,71,121,133,140,161,173,214,169,116,40,14,29,66,110,142,157,172,186,196,138,123,61,22,38,57,122,128,154,160,191,218,158,92,50,31,36,55,126,125,138,157,170,171,135,74
서울,중랑구,사망[명],1,0,1,1,0,1,1,1,0,2,2,0,1,2,1,2,3,0,0,1,1,0,0,1,0,1,1,1,0,0,0,0,0,0,0,1,0,2,0,0,0,0,2,0,0,2,0,1,2,1,0,1,0,2,1,1,1,0,1,0,0,0,1,0,0,1,1,1,0,1,1,1
서울,중랑구,부상[명],132,48,116,109,185,163,216,194,253,296,238,185,114,68,67,110,217,180,205,214,262,323,205,157,90,56,73,80,159,192,167,213,205,304,236,177,55,20,31,97,143,204,186,223,246,268,182,171,90,34,52,73,150,168,214,213,265,298,198,135,63,57,50,63,170,154,177,205,236,222,196,111
서울,노원구,사고[건],106,55,75,91,141,139,154,150,192,181,166,119,74,47,50,97,177,160,167,200,221,222,170,118,70,27,37,59,115,145,170,181,184,200,169,105,34,20,33,63,139,153,155,167,191,186,159,113,55,33,27,72,148,140,171,136,184,160,154,104,65,31,37,65,152,129,140,173,188,168,138,80
서울,노원구,사망[명],2,3,2,0,1,2,1,1,1,0,1,0,0,0,2,0,2,0,1,0,0,1,0,2,1,0,1,0,0,0,0,0,0,2,1,0,2,0,0,2,1,0,0,0,0,0,2,1,1,3,1,0,0,0,0,0,0,0,0,1,0,0,4,2,1,1,0,0,0,0,0,1
서울,노원구,부상[명],174,92,103,118,193,198,201,225,251,241,251,180,109,67,64,123,232,226,236,280,309,277,219,160,98,31,48,77,160,205,238,252,264,275,223,145,46,25,43,77,187,200,213,239,261,263,211,175,104,39,31,85,203,203,245,185,241,203,234,140,99,49,46,85,185,186,210,231,254,235,178,111
서울,광진구,사고[건],104,51,34,64,107,89,104,98,107,103,124,123,73,39,33,54,78,81,84,103,133,113,95,87,69,33,30,38,94,78,70,84,84,116,95,78,44,14,13,33,87,93,87,103,122,121,114,91,41,26,22,24,69,55,64,78,82,100,84,63,31,24,19,39,88,80,51,75,88,91,84,47
서울,광진구,사망[명],1,0,1,2,1,0,2,0,3,0,0,0,0,1,0,0,0,0,0,0,0,0,1,1,0,0,2,1,0,0,0,0,0,0,1,0,0,2,0,2,0,0,0,0,0,0,0,0,2,0,1,0,1,0,0,1,0,2,2,0,1,0,0,0,1,0,0,0,0,0,0,2
서울,광진구,부상[명],151,83,40,97,121,130,126,126,137,129,163,171,117,50,46,75,109,102,102,130,175,152,123,135,103,56,37,43,116,96,80,108,104,151,144,107,64,17,18,39,115,108,124,138,162,163,140,128,51,34,41,30,80,91,91,103,110,123,111,101,38,31,21,49,101,109,61,95,130,110,96,58
서울,강북구,사고[건],80,74,61,64,99,113,107,115,134,142,118,109,79,52,50,63,118,97,128,132,131,173,150,104,52,41,42,36,86,92,132,117,143,134,116,96,39,23,20,47,90,76,127,118,133,122,137,85,40,36,20,44,96,103,119,134,131,128,105,88,38,32,30,50,83,95,117,118,116,138,81,74
서울,강북구,사망[명],2,0,3,4,0,1,0,0,0,0,3,0,2,0,0,0,1,1,0,0,0,2,0,1,0,0,1,0,1,0,1,0,0,0,0,0,0,0,0,3,0,1,0,0,1,0,1,0,0,0,2,0,1,1,1,1,0,0,0,0,0,0,0,0,0,0,1,2,0,2,0,0
서울,강북구,부상[명],103,103,96,82,128,130,147,136,165,196,204,143,116,75,68,88,153,126,163,168,173,221,204,151,71,62,51,46,107,124,166,165,184,174,156,114,59,31,30,53,111,97,166,145,160,145,181,124,51,47,18,50,118,131,145,154,153,154,136,109,47,42,38,60,95,136,139,150,128,185,105,92
서울,금천구,사고[건],70,41,39,62,78,74,62,78,106,128,99,95,47,34,38,46,81,77,92,79,94,139,117,76,51,25,31,31,74,66,79,81,86,111,106,69,30,14,25,39,63,85,95,87,81,140,97,71,49,15,24,48,70,77,82,86,113,118,100,62,37,18,33,41,97,90,84,101,109,143,63,60
서울,금천구,사망[명],0,2,0,0,0,0,0,2,0,1,0,1,0,1,0,0,0,2,1,1,1,0,2,1,0,1,1,0,0,1,0,0,0,2,0,1,1,0,1,0,1,3,3,1,1,4,0,1,1,0,0,0,1,1,3,1,1,0,1,0,1,0,1,1,0,1,0,0,1,0,1,1
서울,금천구,부상[명],96,70,58,89,105,92,89,98,194,173,134,128,74,41,78,70,105,96,142,102,140,194,189,122,71,34,38,45,95,91,102,115,118,145,139,91,46,19,31,49,81,135,125,137,126,183,131,104,75,17,44,55,92,102,98,114,157,159,141,98,54,26,46,45,127,137,115,135,159,199,86,103
